{"cameraMode":{"drawMode":0,"name":"Shaded","section":"Shading Mode"},"sceneLighting":true,"audioPlay":false,"sceneViewState":{"showFog":true,"showMaterialUpdate":true,"showSkybox":true,"showFlares":true,"showImageEffects":true,"showParticleSystems":true},"in2DMode":false,"pivot":{"x":263.1830139160156,"y":369.6053466796875,"z":184.98020935058595},"rotation":{"x":0.07523299008607865,"y":-0.021130558103322984,"z":0.0018828005995601416,"w":0.9971218109130859},"size":322.40533447265627,"orthographic":false}