{"cameraMode":{"drawMode":0,"name":"Shaded","section":"Shading Mode"},"sceneLighting":true,"audioPlay":false,"sceneViewState":{"showFog":true,"showMaterialUpdate":true,"showSkybox":true,"showFlares":true,"showImageEffects":true,"showParticleSystems":true},"in2DMode":false,"pivot":{"x":304.5963439941406,"y":165.0885467529297,"z":-13.500921249389649},"rotation":{"x":0.034813959151506427,"y":0.005797435529530048,"z":0.0000857318373164162,"w":0.9995580911636353},"size":241.23260498046876,"orthographic":false}