{"cameraMode":{"drawMode":0,"name":"Shaded","section":"Shading Mode"},"sceneLighting":true,"audioPlay":false,"sceneViewState":{"showFog":true,"showMaterialUpdate":true,"showSkybox":true,"showFlares":true,"showImageEffects":true,"showParticleSystems":true},"in2DMode":false,"pivot":{"x":627.3922119140625,"y":234.9881134033203,"z":497.8538818359375},"rotation":{"x":0.05728774890303612,"y":0.017779041081666948,"z":-0.0007541351951658726,"w":0.9983812570571899},"size":434.2541809082031,"orthographic":false}