{"cameraMode":{"drawMode":0,"name":"Shaded","section":"Shading Mode"},"sceneLighting":true,"audioPlay":false,"sceneViewState":{"showFog":true,"showMaterialUpdate":true,"showSkybox":true,"showFlares":true,"showImageEffects":true,"showParticleSystems":true},"in2DMode":false,"pivot":{"x":305.1490478515625,"y":446.8162536621094,"z":-225.555908203125},"rotation":{"x":0.09799813479185105,"y":0.15593446791172028,"z":-0.015187936834990979,"w":0.9829602241516113},"size":45.15170669555664,"orthographic":false}