{"cameraMode":{"drawMode":0,"name":"Shaded","section":"Shading Mode"},"sceneLighting":true,"audioPlay":false,"sceneViewState":{"showFog":true,"showMaterialUpdate":true,"showSkybox":true,"showFlares":true,"showImageEffects":true,"showParticleSystems":true},"in2DMode":false,"pivot":{"x":603.6306762695313,"y":227.59181213378907,"z":1016.7838745117188},"rotation":{"x":-0.03781348839402199,"y":-0.005200402811169624,"z":-0.0004138525982853025,"w":-0.9994499683380127},"size":807.207763671875,"orthographic":false}