{"cameraMode":{"drawMode":0,"name":"Shaded","section":"Shading Mode"},"sceneLighting":true,"audioPlay":false,"sceneViewState":{"showFog":true,"showMaterialUpdate":true,"showSkybox":true,"showFlares":true,"showImageEffects":true,"showParticleSystems":true},"in2DMode":false,"pivot":{"x":809.83544921875,"y":252.77903747558595,"z":-50.757469177246097},"rotation":{"x":0.10063634812831879,"y":0.025192374363541604,"z":-0.0022597257047891618,"w":0.9947858452796936},"size":243.17140197753907,"orthographic":false}