{"cameraMode":{"drawMode":0,"name":"Shaded","section":"Shading Mode"},"sceneLighting":true,"audioPlay":false,"sceneViewState":{"showFog":true,"showMaterialUpdate":true,"showSkybox":true,"showFlares":true,"showImageEffects":true,"showParticleSystems":true},"in2DMode":false,"pivot":{"x":194.30149841308595,"y":275.3895263671875,"z":156.42095947265626},"rotation":{"x":0.14929501712322236,"y":-0.07722006738185883,"z":0.011987662874162197,"w":0.9858835339546204},"size":322.40533447265627,"orthographic":false}