{"cameraMode":{"drawMode":0,"name":"Shaded","section":"Shading Mode"},"sceneLighting":true,"audioPlay":false,"sceneViewState":{"showFog":true,"showMaterialUpdate":true,"showSkybox":true,"showFlares":true,"showImageEffects":true,"showParticleSystems":true},"in2DMode":false,"pivot":{"x":-151.9546661376953,"y":-707.74560546875,"z":399.20477294921877},"rotation":{"x":0.482835590839386,"y":-0.1813311129808426,"z":0.10332471132278443,"w":0.8506917357444763},"size":434.2541809082031,"orthographic":false}