{"cameraMode":{"drawMode":0,"name":"Shaded","section":"Shading Mode"},"sceneLighting":true,"audioPlay":false,"sceneViewState":{"showFog":true,"showMaterialUpdate":true,"showSkybox":true,"showFlares":true,"showImageEffects":true,"showParticleSystems":true},"in2DMode":false,"pivot":{"x":637.8637084960938,"y":299.63250732421877,"z":-51.510982513427737},"rotation":{"x":0.03631206974387169,"y":0.01629185676574707,"z":-0.00030415167566388845,"w":0.9993890523910523},"size":250.05235290527345,"orthographic":false}