{"cameraMode":{"drawMode":0,"name":"Shaded","section":"Shading Mode"},"sceneLighting":true,"audioPlay":false,"sceneViewState":{"showFog":true,"showMaterialUpdate":true,"showSkybox":true,"showFlares":true,"showImageEffects":true,"showParticleSystems":true},"in2DMode":false,"pivot":{"x":18.322080612182618,"y":-505.99029541015627,"z":-187.71844482421876},"rotation":{"x":-0.02014245092868805,"y":-0.833171010017395,"z":0.552192747592926,"w":-0.02937893755733967},"size":282.84271240234377,"orthographic":false}